CountryCode,Country,SeriesCode,MDG,Series,1990,1991,1992,1993,1994,1995,1996,1997,1998,1999,2000,2001,2002,2003,2004,2005,2006,2007,2008,2009,2010,2011,2012,2013,,,
4,Afghanistan,566,Y,"Population undernourished, percentage", ,29.5,35.6,39.2,43.3,45.4,45.6,45.0,44.0,43.8,45.2,46.7,46.7,43.6,39.3,35.2,32.3,29.9,27.7,26.0,24.7,24.3,24.4,25.1, , , 
8,Albania,566,Y,"Population undernourished, percentage", ,5.0,5.0,5.0,5.0,5.0,5.0,5.0,5.0,5.0,5.0,5.0,5.0,5.0,5.0,5.0,5.0,5.0,5.0,5.0,5.0,5.0,5.0,5.0, , , 
12,Algeria,566,Y,"Population undernourished, percentage", ,7.7,7.4,7.1,7.2,7.7,8.4,8.9,9.2,9.1,8.7,8.4,8.0,7.6,7.2,7.0,6.8,6.4,6.1,5.6,5.1,5.0,5.0,5.0, , , 
16,American Samoa,566,Y,"Population undernourished, percentage", ,,,,,,,,,,,,,,,,,,,,,,,, , , 
20,Andorra,566,Y,"Population undernourished, percentage", ,5.0,5.0,5.0,5.0,5.0,5.0,5.0,5.0,5.0,5.0,5.0,5.0,5.0,5.0,5.0,5.0,5.0,5.0,5.0,5.0,5.0,5.0,5.0, , , 
24,Angola,566,Y,"Population undernourished, percentage", ,63.5,64.5,64.6,64.4,62.2,59.5,56.8,54.8,53.1,51.1,48.9,45.8,41.8,37.7,34.2,31.3,28.6,25.8,23.1,20.7,18.9,17.5,16.5, , , 
660,Anguilla,566,Y,"Population undernourished, percentage", ,,,,,,,,,,,,,,,,,,,,,,,, , , 
28,Antigua and Barbuda,566,Y,"Population undernourished, percentage", ,,,,,,,,,,,,,,,,,,,,,,,, , , 
32,Argentina,566,Y,"Population undernourished, percentage", ,5.0,5.0,5.0,5.0,5.0,5.0,5.0,5.0,5.0,5.0,5.0,5.0,5.0,5.0,5.0,5.0,5.0,5.0,5.0,5.0,5.0,5.0,5.0, , , 
51,Armenia,566,Y,"Population undernourished, percentage", ,27.3,27.3,27.3,27.3,22.7,19.6,17.0,17.4,19.0,21.4,23.0,22.3,19.2,14.7,10.9,8.2,6.7,6.1,6.1,6.5,6.8,6.8,6.7, , , 
533,Aruba,566,Y,"Population undernourished, percentage", ,,,,,,,,,,,,,,,,,,,,,,,, , , 
36,Australia,566,Y,"Population undernourished, percentage", ,5.0,5.0,5.0,5.0,5.0,5.0,5.0,5.0,5.0,5.0,5.0,5.0,5.0,5.0,5.0,5.0,5.0,5.0,5.0,5.0,5.0,5.0,5.0, , , 
40,Austria,566,Y,"Population undernourished, percentage", ,5.0,5.0,5.0,5.0,5.0,5.0,5.0,5.0,5.0,5.0,5.0,5.0,5.0,5.0,5.0,5.0,5.0,5.0,5.0,5.0,5.0,5.0,5.0, , , 
31,Azerbaijan,566,Y,"Population undernourished, percentage", ,23.6,23.6,23.6,23.6,25.4,27.4,27.9,28.5,26.5,22.5,17.1,12.8,9.4,6.7,5.0,5.0,5.0,5.0,5.0,5.0,5.0,5.0,5.0, , , 
44,Bahamas,566,Y,"Population undernourished, percentage", ,,,,,,,,,,,,,,,,,,,,,,,, , , 
48,Bahrain,566,Y,"Population undernourished, percentage", ,,,,,,,,,,,,,,,,,,,,,,,, , , 
50,Bangladesh,566,Y,"Population undernourished, percentage", ,32.8,33.2,34.7,36.3,36.9,36.1,34.1,30.8,26.9,23.1,20.6,19.1,18.3,17.5,17.1,16.8,16.9,17.0,17.2,17.2,17.3,17.3,17.2, , , 
52,Barbados,566,Y,"Population undernourished, percentage", ,5.0,5.0,5.0,5.0,5.0,5.0,5.0,5.0,5.0,5.0,5.2,5.4,6.0,6.3,6.9,6.7,6.3,5.3,5.0,5.0,5.0,5.0,5.0, , , 
112,Belarus,566,Y,"Population undernourished, percentage", ,5.0,5.0,5.0,5.0,5.0,5.0,5.0,5.0,5.0,5.0,5.0,5.0,5.0,5.0,5.0,5.0,5.0,5.0,5.0,5.0,5.0,5.0,5.0, , , 
56,Belgium,566,Y,"Population undernourished, percentage", ,5.0,5.0,5.0,5.0,5.0,5.0,5.0,5.0,5.0,5.0,5.0,5.0,5.0,5.0,5.0,5.0,5.0,5.0,5.0,5.0,5.0,5.0,5.0, , , 
84,Belize,566,Y,"Population undernourished, percentage", ,9.7,8.5,7.3,6.6,6.5,6.7,7.0,7.2,7.0,6.5,5.8,5.3,5.0,5.0,5.0,5.0,5.1,5.4,5.7,5.7,5.7,5.9,6.2, , , 
204,Benin,566,Y,"Population undernourished, percentage", ,28.1,27.7,28.5,28.2,27.5,26.3,25.4,25.0,24.6,23.9,22.4,20.6,18.6,17.2,15.9,15.0,14.0,13.0,12.5,12.1,11.9,10.8,9.4, , , 
60,Bermuda,566,Y,"Population undernourished, percentage", ,5.0,5.0,5.0,5.0,5.0,5.0,5.0,5.0,5.0,5.0,5.0,5.0,5.0,5.0,5.0,5.0,5.0,5.0,5.0,5.0,5.0,5.0,5.0, , , 
64,Bhutan,566,Y,"Population undernourished, percentage", ,,,,,,,,,,,,,,,,,,,,,,,, , , 
68,Bolivia,566,Y,"Population undernourished, percentage", ,38.0,35.9,36.5,35.7,35.3,33.7,34.1,35.0,36.0,34.6,32.8,31.0,30.8,31.0,31.1,29.9,28.7,28.0,28.0,27.0,24.5,21.1,18.3, , , 
70,Bosnia and Herzegovina,566,Y,"Population undernourished, percentage", ,5.0,5.0,5.0,5.0,5.0,5.0,5.0,5.0,5.0,5.0,5.0,5.0,5.0,5.0,5.0,5.0,5.0,5.0,5.0,5.0,5.0,5.0,5.0, , , 
72,Botswana,566,Y,"Population undernourished, percentage", ,25.1,26.7,28.6,30.4,30.1,29.6,30.0,32.1,34.5,35.6,36.0,35.5,35.1,34.0,32.8,32.2,32.4,32.5,31.8,30.4,28.7,27.0,25.8, , , 
76,Brazil,566,Y,"Population undernourished, percentage", ,14.8,14.3,14.3,14.1,13.8,13.6,13.3,13.1,12.9,12.3,11.2,9.6,7.8,6.1,5.0,5.0,5.0,5.0,5.0,5.0,5.0,5.0,5.0, , , 
92,British Virgin Islands,566,Y,"Population undernourished, percentage", ,,,,,,,,,,,,,,,,,,,,,,,, , , 
96,Brunei Darussalam,566,Y,"Population undernourished, percentage", ,5.0,5.0,5.0,5.0,5.0,5.0,5.0,5.0,5.0,5.0,5.0,5.0,5.0,5.0,5.0,5.0,5.0,5.0,5.0,5.0,5.0,5.0,5.0, , , 
100,Bulgaria,566,Y,"Population undernourished, percentage", ,5.0,5.0,5.0,5.0,5.0,5.0,5.0,5.0,5.0,5.0,5.0,5.0,5.0,5.0,5.0,5.0,5.0,5.0,5.0,5.0,5.0,5.0,5.0, , , 
854,Burkina Faso,566,Y,"Population undernourished, percentage", ,26.0,24.5,23.2,21.9,21.1,20.9,21.9,23.5,25.3,26.6,27.6,28.0,27.6,26.8,25.9,25.5,24.8,24.2,23.3,22.5,21.7,21.2,20.8, , , 
108,Burundi,566,Y,"Population undernourished, percentage", ,,,,,,,,,,,,,,,,,,,,,,,, , , 
116,Cambodia,566,Y,"Population undernourished, percentage", ,32.1,29.7,29.0,28.3,29.3,31.9,35.3,36.7,35.2,32.0,28.5,25.9,23.6,22.1,20.8,19.6,18.3,17.5,17.1,17.0,16.8,16.4,15.7, , , 
120,Cameroon,566,Y,"Population undernourished, percentage", ,37.8,37.5,36.7,37.5,38.0,38.0,37.1,35.5,34.0,32.3,30.8,29.0,27.1,25.0,23.1,21.0,18.8,16.9,15.0,13.4,11.9,10.8,10.4, , , 
124,Canada,566,Y,"Population undernourished, percentage", ,5.0,5.0,5.0,5.0,5.0,5.0,5.0,5.0,5.0,5.0,5.0,5.0,5.0,5.0,5.0,5.0,5.0,5.0,5.0,5.0,5.0,5.0,5.0, , , 
132,Cape Verde,566,Y,"Population undernourished, percentage", ,16.1,15.8,13.4,13.6,14.7,17.0,18.3,18.8,18.7,18.7,19.2,19.4,19.1,17.6,15.9,14.4,13.5,13.0,12.9,12.6,12.1,11.4,10.6, , , 
136,Cayman Islands,566,Y,"Population undernourished, percentage", ,,,,,,,,,,,,,,,,,,,,,,,, , , 
140,Central African Republic,566,Y,"Population undernourished, percentage", ,47.3,47.6,48.4,49.2,49.6,49.4,48.2,46.8,45.0,44.1,42.9,42.5,42.2,42.3,41.8,40.6,39.0,37.1,35.3,34.1,33.7,35.3,39.4, , , 
148,Chad,566,Y,"Population undernourished, percentage", ,59.1,56.4,55.7,54.2,51.5,50.9,48.2,45.5,41.7,40.1,40.1,40.2,40.2,39.7,39.7,39.7,40.3,40.8,41.1,41.0,40.1,39.0,37.5, , , 
830,Channel Islands,566,Y,"Population undernourished, percentage", , , , , , , , , , , , , , , , , , , , , , , , , , , 
152,Chile,566,Y,"Population undernourished, percentage", ,9.0,8.1,7.1,6.3,5.8,5.5,5.3,5.2,5.1,5.0,5.0,5.0,5.0,5.0,5.0,5.0,5.0,5.0,5.0,5.0,5.0,5.0,5.0, , , 
156,China,566,Y,"Population undernourished, percentage", ,23.9,24.5,23.4,22.0,20.1,18.5,17.6,16.9,16.5,16.2,16.0,15.9,15.9,15.8,15.6,15.3,14.8,14.1,13.3,12.5,11.7,11.0,10.4, , , 
344,"China, Hong Kong Special Administrative Region",566,Y,"Population undernourished, percentage", , , , , , , , , , , , , , , , , , , , , , , , , , , 
446,"China, Macao Special Administrative Region",566,Y,"Population undernourished, percentage", , , , , , , , , , , , , , , , , , , , , , , , , , , 
170,Colombia,566,Y,"Population undernourished, percentage", ,14.6,13.8,12.8,11.7,10.7,10.2,10.0,10.1,10.2,9.9,9.6,9.0,8.9,8.9,9.5,9.7,9.4,9.2,9.6,10.7,11.2,11.1,10.3, , , 
174,Comoros,566,Y,"Population undernourished, percentage", ,,,,,,,,,,,,,,,,,,,,,,,, , , 
178,Congo,566,Y,"Population undernourished, percentage", ,43.2,43.3,43.6,44.3,45.0,45.4,45.0,43.2,39.9,35.9,32.0,29.2,27.6,28.5,30.2,32.8,33.3,33.3,32.5,31.5,29.9,28.3,28.0, , , 
184,Cook Islands,566,Y,"Population undernourished, percentage", ,,,,,,,,,,,,,,,,,,,,,,,, , , 
188,Costa Rica,566,Y,"Population undernourished, percentage", ,5.2,5.4,5.4,5.4,5.4,5.6,5.8,5.9,5.6,5.2,5.1,5.4,5.9,6.1,6.0,5.6,5.2,5.2,5.3,5.3,5.3,5.4,5.7, , , 
384,Cote d'Ivoire,566,Y,"Population undernourished, percentage", ,10.7,10.8,11.2,11.7,11.6,11.5,11.6,12.3,13.6,14.9,16.3,16.7,16.5,15.6,14.8,14.1,13.9,14.1,14.5,14.7,14.5,14.1,13.7, , , 
191,Croatia,566,Y,"Population undernourished, percentage", ,5.0,5.0,5.0,5.0,5.0,5.0,5.0,5.0,5.0,5.0,5.0,5.0,5.0,5.0,5.0,5.0,5.0,5.0,5.0,5.0,5.0,5.0,5.0, , , 
192,Cuba,566,Y,"Population undernourished, percentage", ,5.7,9.0,13.1,18.3,20.7,20.1,16.8,12.6,8.7,5.6,5.0,5.0,5.0,5.0,5.0,5.0,5.0,5.0,5.0,5.0,5.0,5.0,5.0, , , 
196,Cyprus,566,Y,"Population undernourished, percentage", ,5.0,5.0,5.0,5.0,5.0,5.0,5.0,5.0,5.0,5.0,5.0,5.0,5.0,5.0,5.0,5.0,5.0,5.0,5.0,5.0,5.0,5.0,5.0, , , 
203,Czech Republic,566,Y,"Population undernourished, percentage", ,5.0,5.0,5.0,5.0,5.0,5.0,5.0,5.0,5.0,5.0,5.0,5.0,5.0,5.0,5.0,5.0,5.0,5.0,5.0,5.0,5.0,5.0,5.0, , , 
200,Czechoslovakia [former],566,Y,"Population undernourished, percentage", , , , , , , , , , , , , , , , , , , , , , , , , , , 
180,Democratic Republic of the Congo,566,Y,"Population undernourished, percentage", ,,,,,,,,,,,,,,,,,,,,,,,, , , 
208,Denmark,566,Y,"Population undernourished, percentage", ,5.0,5.0,5.0,5.0,5.0,5.0,5.0,5.0,5.0,5.0,5.0,5.0,5.0,5.0,5.0,5.0,5.0,5.0,5.0,5.0,5.0,5.0,5.0, , , 
262,Djibouti,566,Y,"Population undernourished, percentage", ,74.8,76.8,75.9,74.3,71.5,68.0,64.9,61.0,56.6,52.4,48.9,46.5,43.8,40.9,37.2,33.0,29.3,26.2,24.3,23.1,22.0,20.5,18.9, , , 
212,Dominica,566,Y,"Population undernourished, percentage", ,,,,,,,,,,,,,,,,,,,,,,,, , , 
214,Dominican Republic,566,Y,"Population undernourished, percentage", ,34.3,32.1,30.7,28.1,26.9,27.3,29.4,31.4,31.9,30.7,28.4,27.4,27.6,28.3,26.9,24.2,21.7,20.5,19.8,18.1,15.9,14.0,13.0, , , 
218,Ecuador,566,Y,"Population undernourished, percentage", ,19.4,19.4,17.0,15.7,14.7,15.1,15.8,16.5,17.2,17.8,18.6,19.3,19.6,19.8,19.3,18.8,17.8,17.1,15.8,14.4,12.8,11.8,11.4, , , 
818,Egypt,566,Y,"Population undernourished, percentage", ,5.0,5.0,5.0,5.0,5.0,5.0,5.0,5.0,5.0,5.0,5.0,5.0,5.0,5.0,5.0,5.0,5.0,5.0,5.0,5.0,5.0,5.0,5.0, , , 
222,El Salvador,566,Y,"Population undernourished, percentage", ,16.2,15.1,15.4,15.4,15.6,15.4,15.0,14.6,13.8,12.5,10.6,9.3,8.9,9.4,10.2,10.7,11.0,11.2,11.5,12.0,12.6,12.9,12.8, , , 
226,Equatorial Guinea,566,Y,"Population undernourished, percentage", ,,,,,,,,,,,,,,,,,,,,,,,, , , 
232,Eritrea,566,Y,"Population undernourished, percentage", ,,,,,,,,,,,,,,,,,,,,,,,, , , 
233,Estonia,566,Y,"Population undernourished, percentage", ,5.0,5.0,5.0,5.0,5.0,5.0,5.0,5.0,5.0,5.0,5.0,5.0,5.0,5.0,5.0,5.0,5.0,5.0,5.0,5.0,5.0,5.0,5.0, , , 
231,Ethiopia,566,Y,"Population undernourished, percentage", ,74.8,75.2,72.5,73.4,71.4,69.0,65.7,63.0,60.6,57.9,54.8,51.9,49.9,47.8,45.9,43.8,42.4,41.1,39.5,37.6,36.0,34.9,33.9, , , 
97,European Union (EU),566,Y,"Population undernourished, percentage", , , , , , , , , , , , , , , , , , , , , , , , , , , 
234,Faeroe Islands,566,Y,"Population undernourished, percentage", ,5.0,5.0,5.0,5.0,5.0,5.0,5.0,5.0,5.0,5.0,5.0,5.0,5.0,5.0,5.0,5.0,5.0,5.0,5.0,5.0,5.0,5.0,5.0, , , 
238,Falkland Islands (Malvinas),566,Y,"Population undernourished, percentage", , , , , , , , , , , , , , , , , , , , , , , , , , , 
242,Fiji,566,Y,"Population undernourished, percentage", ,6.6,6.1,5.7,5.3,5.3,5.4,5.2,5.0,5.0,5.0,5.0,5.0,5.0,5.0,5.0,5.0,5.0,5.0,5.0,5.0,5.0,5.0,5.0, , , 
246,Finland,566,Y,"Population undernourished, percentage", ,5.0,5.0,5.0,5.0,5.0,5.0,5.0,5.0,5.0,5.0,5.0,5.0,5.0,5.0,5.0,5.0,5.0,5.0,5.0,5.0,5.0,5.0,5.0, , , 
250,France,566,Y,"Population undernourished, percentage", ,5.0,5.0,5.0,5.0,5.0,5.0,5.0,5.0,5.0,5.0,5.0,5.0,5.0,5.0,5.0,5.0,5.0,5.0,5.0,5.0,5.0,5.0,5.0, , , 
254,French Guiana,566,Y,"Population undernourished, percentage", ,,,,,,,,,,,,,,,,,,,,,,,, , , 
258,French Polynesia,566,Y,"Population undernourished, percentage", ,,,,,,,,,,,,,,,,,,,,,,,, , , 
266,Gabon,566,Y,"Population undernourished, percentage", ,11.7,9.5,10.1,9.7,9.5,8.5,7.4,6.5,5.5,5.0,5.0,5.0,5.0,5.0,5.0,5.0,5.0,5.0,5.0,5.0,5.0,5.0,5.0, , , 
270,Gambia,566,Y,"Population undernourished, percentage", ,13.3,13.5,14.6,15.9,17.3,17.6,17.7,17.0,15.9,14.1,13.0,13.0,13.9,14.5,15.0,14.9,14.6,13.1,11.2,8.8,7.1,6.1,5.6, , , 
268,Georgia,566,Y,"Population undernourished, percentage", ,56.5,80.8,67.1,65.0,46.4,29.4,16.3,11.1,12.6,14.8,16.3,13.7,10.5,7.7,6.3,6.0,6.4,6.8,7.6,9.0,10.1,10.1,9.1, , , 
276,Germany,566,Y,"Population undernourished, percentage", ,5.0,5.0,5.0,5.0,5.0,5.0,5.0,5.0,5.0,5.0,5.0,5.0,5.0,5.0,5.0,5.0,5.0,5.0,5.0,5.0,5.0,5.0,5.0, , , 
288,Ghana,566,Y,"Population undernourished, percentage", ,47.3,36.9,33.9,27.3,24.2,22.3,21.4,20.5,19.1,17.5,15.9,14.6,13.6,12.6,11.6,10.5,9.4,8.3,7.3,6.5,5.6,5.0,5.0, , , 
292,Gibraltar,566,Y,"Population undernourished, percentage", ,5.0,5.0,5.0,5.0,5.0,5.0,5.0,5.0,5.0,5.0,5.0,5.0,5.0,5.0,5.0,5.0,5.0,5.0,5.0,5.0,5.0,5.0,5.0, , , 
300,Greece,566,Y,"Population undernourished, percentage", ,5.0,5.0,5.0,5.0,5.0,5.0,5.0,5.0,5.0,5.0,5.0,5.0,5.0,5.0,5.0,5.0,5.0,5.0,5.0,5.0,5.0,5.0,5.0, , , 
304,Greenland,566,Y,"Population undernourished, percentage", ,5.0,5.0,5.0,5.0,5.0,5.0,5.0,5.0,5.0,5.0,5.0,5.0,5.0,5.0,5.0,5.0,5.0,5.0,5.0,5.0,5.0,5.0,5.0, , , 
308,Grenada,566,Y,"Population undernourished, percentage", ,,,,,,,,,,,,,,,,,,,,,,,, , , 
312,Guadeloupe,566,Y,"Population undernourished, percentage", ,,,,,,,,,,,,,,,,,,,,,,,, , , 
316,Guam,566,Y,"Population undernourished, percentage", ,,,,,,,,,,,,,,,,,,,,,,,, , , 
320,Guatemala,566,Y,"Population undernourished, percentage", ,14.9,15.4,15.3,15.2,15.5,17.1,19.3,21.7,22.3,22.1,20.4,18.7,16.9,16.3,16.2,15.9,15.5,15.1,15.2,14.8,14.8,14.8,15.3, , , 
324,Guinea,566,Y,"Population undernourished, percentage", ,23.2,22.8,22.7,23.1,23.9,25.1,26.6,27.9,28.0,27.2,26.1,25.5,25.0,24.2,23.1,22.0,20.7,19.8,18.9,18.3,17.8,17.5,17.1, , , 
624,Guinea-Bissau,566,Y,"Population undernourished, percentage", ,23.1,21.8,21.4,21.0,21.3,22.5,25.0,27.8,29.0,28.4,26.6,25.5,25.1,25.1,25.4,25.7,25.7,25.1,23.8,23.0,22.4,22.4,22.6, , , 
328,Guyana,566,Y,"Population undernourished, percentage", ,22.8,22.0,20.5,18.5,16.4,14.6,13.2,12.2,11.2,10.4,9.7,9.3,9.4,9.7,10.1,10.4,10.8,11.2,11.7,11.9,11.8,11.6,11.5, , , 
332,Haiti,566,Y,"Population undernourished, percentage", ,61.1,61.5,62.6,63.1,62.8,61.4,59.6,57.8,56.1,55.2,55.2,56.1,57.0,57.7,57.6,57.1,55.8,54.4,52.3,50.6,49.3,49.3,50.7, , , 
340,Honduras,566,Y,"Population undernourished, percentage", ,23.0,22.7,21.9,21.3,20.5,19.8,19.3,19.3,19.2,19.0,18.5,17.8,17.1,16.8,16.7,16.4,15.9,15.3,15.0,14.9,14.6,13.7,12.8, , , 
348,Hungary,566,Y,"Population undernourished, percentage", ,5.0,5.0,5.0,5.0,5.0,5.0,5.0,5.0,5.0,5.0,5.0,5.0,5.0,5.0,5.0,5.0,5.0,5.0,5.0,5.0,5.0,5.0,5.0, , , 
352,Iceland,566,Y,"Population undernourished, percentage", ,5.0,5.0,5.0,5.0,5.0,5.0,5.0,5.0,5.0,5.0,5.0,5.0,5.0,5.0,5.0,5.0,5.0,5.0,5.0,5.0,5.0,5.0,5.0, , , 
356,India,566,Y,"Population undernourished, percentage", ,23.7,22.2,22.4,22.1,21.6,20.5,19.2,18.0,17.3,17.0,17.5,18.6,19.9,20.9,21.2,20.5,18.9,17.2,16.2,15.7,15.6,15.4,15.4, , , 
360,Indonesia,566,Y,"Population undernourished, percentage", ,19.7,19.0,18.1,16.8,15.5,14.6,14.5,15.2,16.1,17.2,18.1,18.7,18.8,18.7,18.8,18.8,18.5,17.7,15.9,13.5,11.1,9.3,8.2, , , 
364,Iran (Islamic Republic of),566,Y,"Population undernourished, percentage", ,5.1,5.0,5.0,5.0,5.0,5.0,5.0,5.0,5.0,5.2,5.6,6.1,6.4,6.5,6.5,6.6,6.6,6.6,6.5,6.4,6.2,5.9,5.7, , , 
368,Iraq,566,Y,"Population undernourished, percentage", ,7.9,13.5,15.3,19.6,21.0,22.6,24.3,25.6,25.7,24.6,23.5,23.3,23.9,24.6,25.1,26.0,26.5,26.6,25.9,25.2,24.5,24.0,23.6, , , 
372,Ireland,566,Y,"Population undernourished, percentage", ,5.0,5.0,5.0,5.0,5.0,5.0,5.0,5.0,5.0,5.0,5.0,5.0,5.0,5.0,5.0,5.0,5.0,5.0,5.0,5.0,5.0,5.0,5.0, , , 
376,Israel,566,Y,"Population undernourished, percentage", ,5.0,5.0,5.0,5.0,5.0,5.0,5.0,5.0,5.0,5.0,5.0,5.0,5.0,5.0,5.0,5.0,5.0,5.0,5.0,5.0,5.0,5.0,5.0, , , 
380,Italy,566,Y,"Population undernourished, percentage", ,5.0,5.0,5.0,5.0,5.0,5.0,5.0,5.0,5.0,5.0,5.0,5.0,5.0,5.0,5.0,5.0,5.0,5.0,5.0,5.0,5.0,5.0,5.0, , , 
388,Jamaica,566,Y,"Population undernourished, percentage", ,10.4,10.5,9.6,8.9,8.4,8.4,8.4,8.5,8.2,7.8,7.3,6.8,6.6,6.6,6.8,7.0,7.3,7.6,8.0,8.2,8.3,8.5,8.8, , , 
392,Japan,566,Y,"Population undernourished, percentage", ,5.0,5.0,5.0,5.0,5.0,5.0,5.0,5.0,5.0,5.0,5.0,5.0,5.0,5.0,5.0,5.0,5.0,5.0,5.0,5.0,5.0,5.0,5.0, , , 
400,Jordan,566,Y,"Population undernourished, percentage", ,5.5,5.8,6.7,7.5,8.3,8.4,8.1,7.7,7.4,7.0,6.0,5.0,5.0,5.0,5.0,5.0,5.0,5.0,5.0,5.0,5.0,5.0,5.0, , , 
398,Kazakhstan,566,Y,"Population undernourished, percentage", ,5.0,5.0,5.0,5.0,5.0,5.0,5.0,5.0,5.0,5.0,5.0,5.0,5.1,5.4,5.5,5.0,5.0,5.0,5.0,5.0,5.0,5.0,5.0, , , 
404,Kenya,566,Y,"Population undernourished, percentage", ,32.4,35.3,37.5,37.8,35.3,33.6,33.0,33.4,33.0,32.3,32.3,33.1,34.4,34.0,31.8,28.2,26.3,25.7,25.7,24.8,23.8,22.8,22.1, , , 
296,Kiribati,566,Y,"Population undernourished, percentage", ,7.5,6.7,6.7,6.3,6.3,6.1,5.9,5.6,5.1,5.0,5.0,5.0,5.0,5.0,5.0,5.0,5.0,5.0,5.0,5.0,5.0,5.0,5.0, , , 
408,"Korea, Democratic People's Republic of",566,Y,"Population undernourished, percentage", ,23.3,24.7,26.7,28.5,31.4,34.6,36.9,37.7,37.6,37.9,37.7,37.2,35.6,34.5,34.2,35.5,37.5,39.5,41.0,41.8,42.0,41.9,41.8, , , 
410,"Korea, Republic of",566,Y,"Population undernourished, percentage", ,5.0,5.0,5.0,5.0,5.0,5.0,5.0,5.0,5.0,5.0,5.0,5.0,5.0,5.0,5.0,5.0,5.0,5.0,5.0,5.0,5.0,5.0,5.0, , , 
414,Kuwait,566,Y,"Population undernourished, percentage", ,39.4,43.6,31.5,21.8,10.8,5.4,5.0,5.0,5.0,5.0,5.0,5.0,5.0,5.0,5.0,5.0,5.0,5.0,5.0,5.0,5.0,5.0,5.0, , , 
417,Kyrgyzstan,566,Y,"Population undernourished, percentage", ,15.9,15.9,15.9,15.9,15.7,15.8,14.2,13.2,13.9,15.2,16.7,16.5,15.0,12.4,10.4,9.4,9.2,9.1,8.7,7.9,7.2,6.6,6.2, , , 
418,Lao People's Democratic Republic,566,Y,"Population undernourished, percentage", ,42.8,43.6,44.1,44.5,44.0,43.0,41.7,41.0,39.9,39.2,37.9,36.7,34.8,32.2,29.5,26.9,25.6,24.7,24.2,22.8,21.4,20.1,19.4, , , 
428,Latvia,566,Y,"Population undernourished, percentage", ,5.0,5.0,5.0,5.0,5.0,5.0,5.0,5.0,5.0,5.0,5.0,5.0,5.0,5.0,5.0,5.0,5.0,5.0,5.0,5.0,5.0,5.0,5.0, , , 
422,Lebanon,566,Y,"Population undernourished, percentage", ,5.0,5.0,5.0,5.0,5.0,5.0,5.0,5.0,5.0,5.0,5.0,5.0,5.0,5.0,5.0,5.0,5.0,5.0,5.0,5.0,5.0,5.0,5.0, , , 
426,Lesotho,566,Y,"Population undernourished, percentage", ,15.6,15.2,15.3,15.6,16.0,16.6,16.1,15.2,13.9,13.0,12.3,11.9,11.6,11.3,11.0,10.8,10.8,11.2,11.4,11.4,11.2,11.1,11.2, , , 
430,Liberia,566,Y,"Population undernourished, percentage", ,29.0,27.6,30.7,34.2,38.4,40.2,39.2,37.1,35.9,36.5,37.8,39.6,40.4,40.5,39.7,38.8,37.8,36.6,35.5,34.9,34.7,34.2,33.4, , , 
434,Libyan Arab Jamahiriya,566,Y,"Population undernourished, percentage", ,,,,,,,,,,,,,,,,,,,,,,,, , , 
438,Liechtenstein,566,Y,"Population undernourished, percentage", ,5.0,5.0,5.0,5.0,5.0,5.0,5.0,5.0,5.0,5.0,5.0,5.0,5.0,5.0,5.0,5.0,5.0,5.0,5.0,5.0,5.0,5.0,5.0, , , 
440,Lithuania,566,Y,"Population undernourished, percentage", ,5.0,5.0,5.0,5.0,5.0,5.0,5.0,5.0,5.0,5.0,5.0,5.0,5.0,5.0,5.0,5.0,5.0,5.0,5.0,5.0,5.0,5.0,5.0, , , 
442,Luxembourg,566,Y,"Population undernourished, percentage", ,5.0,5.0,5.0,5.0,5.0,5.0,5.0,5.0,5.0,5.0,5.0,5.0,5.0,5.0,5.0,5.0,5.0,5.0,5.0,5.0,5.0,5.0,5.0, , , 
450,Madagascar,566,Y,"Population undernourished, percentage", ,27.3,29.1,29.7,31.2,32.7,33.8,34.4,34.7,34.7,34.8,35.6,36.9,38.4,38.6,37.4,34.9,33.0,31.9,31.7,31.6,31.7,32.0,32.5, , , 
454,Malawi,566,Y,"Population undernourished, percentage", ,44.7,45.7,46.9,45.7,43.2,39.5,36.7,34.0,31.2,28.6,27.0,26.6,27.3,27.9,27.7,26.4,24.6,23.1,22.2,21.8,21.3,21.0,20.8, , , 
458,Malaysia,566,Y,"Population undernourished, percentage", ,5.1,5.0,5.0,5.0,5.0,5.0,5.0,5.0,5.0,5.0,5.0,5.0,5.0,5.0,5.0,5.0,5.0,5.0,5.0,5.0,5.0,5.0,5.0, , , 
462,Maldives,566,Y,"Population undernourished, percentage", ,12.2,11.4,11.1,10.3,10.0,10.5,11.2,11.7,11.8,11.8,11.9,12.3,13.2,14.4,15.3,15.4,14.7,13.3,11.7,10.0,8.7,7.7,6.7, , , 
466,Mali,566,Y,"Population undernourished, percentage", ,16.7,17.3,17.7,18.2,18.3,18.1,17.5,16.7,15.3,13.9,12.6,11.9,11.4,10.9,10.1,9.0,7.7,6.3,5.3,5.0,5.0,5.0,5.0, , , 
470,Malta,566,Y,"Population undernourished, percentage", ,5.0,5.0,5.0,5.0,5.0,5.0,5.0,5.0,5.0,5.0,5.0,5.0,5.0,5.0,5.0,5.0,5.0,5.0,5.0,5.0,5.0,5.0,5.0, , , 
584,Marshall Islands,566,Y,"Population undernourished, percentage", ,,,,,,,,,,,,,,,,,,,,,,,, , , 
474,Martinique,566,Y,"Population undernourished, percentage", ,,,,,,,,,,,,,,,,,,,,,,,, , , 
478,Mauritania,566,Y,"Population undernourished, percentage", ,14.6,14.4,14.1,13.9,14.1,13.9,13.4,12.7,12.0,11.5,11.2,11.1,11.0,11.0,11.4,11.1,10.5,9.2,8.3,7.9,7.6,7.1,6.4, , , 
480,Mauritius,566,Y,"Population undernourished, percentage", ,8.1,8.0,7.9,7.6,7.1,6.8,6.8,7.0,7.2,7.1,6.7,6.4,6.1,5.8,5.6,5.4,5.3,5.2,5.1,5.0,5.0,5.0,5.0, , , 
175,Mayotte,566,Y,"Population undernourished, percentage", ,,,,,,,,,,,,,,,,,,,,,,,, , , 
484,Mexico,566,Y,"Population undernourished, percentage", ,6.9,6.8,6.7,6.6,6.4,6.1,5.8,5.5,5.0,5.0,5.0,5.0,5.4,5.5,5.3,5.0,5.0,5.0,5.0,5.0,5.0,5.0,5.0, , , 
583,"Micronesia, Federated States of",566,Y,"Population undernourished, percentage", ,,,,,,,,,,,,,,,,,,,,,,,, , , 
492,Monaco,566,Y,"Population undernourished, percentage", ,5.0,5.0,5.0,5.0,5.0,5.0,5.0,5.0,5.0,5.0,5.0,5.0,5.0,5.0,5.0,5.0,5.0,5.0,5.0,5.0,5.0,5.0,5.0, , , 
496,Mongolia,566,Y,"Population undernourished, percentage", ,29.9,37.1,46.1,51.4,51.7,47.6,44.6,42.4,40.5,38.2,36.1,35.0,34.7,34.9,34.9,34.0,32.4,30.1,27.9,25.9,24.5,23.4,22.5, , , 
499,Montenegro,566,Y,"Population undernourished, percentage", ,5.0,5.0,5.0,5.0,5.0,5.0,5.0,5.0,5.0,5.0,5.0,5.0,5.0,5.0,5.0,5.0,5.0,5.0,5.0,5.0,5.0,5.0,5.0, , , 
500,Montserrat,566,Y,"Population undernourished, percentage", ,,,,,,,,,,,,,,,,,,,,,,,, , , 
504,Morocco,566,Y,"Population undernourished, percentage", ,5.9,6.7,7.5,8.0,7.7,7.2,6.5,6.2,6.2,6.5,6.6,6.5,6.1,5.8,5.5,5.5,5.4,5.4,5.4,5.3,5.2,5.0,5.0, , , 
508,Mozambique,566,Y,"Population undernourished, percentage", ,56.1,58.8,59.4,59.2,56.1,50.7,45.9,42.7,41.9,42.0,42.1,41.3,39.7,38.2,37.3,36.9,36.0,35.0,33.3,31.8,29.9,28.5,27.2, , , 
104,Myanmar,566,Y,"Population undernourished, percentage", ,62.6,62.7,62.5,61.6,60.6,58.7,56.9,55.2,54.1,52.4,49.6,46.3,42.9,39.9,36.9,33.7,30.1,26.4,23.0,20.2,18.0,16.5,15.5, , , 
516,Namibia,566,Y,"Population undernourished, percentage", ,35.9,36.7,38.3,39.5,39.9,39.2,38.2,36.7,34.2,30.4,27.3,25.6,25.3,25.3,25.4,26.0,27.6,30.5,34.3,37.6,39.4,40.2,41.4, , , 
520,Nauru,566,Y,"Population undernourished, percentage", ,,,,,,,,,,,,,,,,,,,,,,,, , , 
524,Nepal,566,Y,"Population undernourished, percentage", ,22.8,23.4,24.2,24.8,24.9,24.8,24.4,23.7,23.1,22.2,21.9,21.1,20.1,18.4,17.0,15.8,14.8,13.3,11.6,10.2,9.2,8.5,7.9, , , 
528,Netherlands,566,Y,"Population undernourished, percentage", ,5.0,5.0,5.0,5.0,5.0,5.0,5.0,5.0,5.0,5.0,5.0,5.0,5.0,5.0,5.0,5.0,5.0,5.0,5.0,5.0,5.0,5.0,5.0, , , 
530,Netherlands Antilles,566,Y,"Population undernourished, percentage", , , , , , , , , , , , , , , , , , , , , , , , , , , 
540,New Caledonia,566,Y,"Population undernourished, percentage", ,,,,,,,,,,,,,,,,,,,,,,,, , , 
554,New Zealand,566,Y,"Population undernourished, percentage", ,5.0,5.0,5.0,5.0,5.0,5.0,5.0,5.0,5.0,5.0,5.0,5.0,5.0,5.0,5.0,5.0,5.0,5.0,5.0,5.0,5.0,5.0,5.0, , , 
558,Nicaragua,566,Y,"Population undernourished, percentage", ,54.4,52.7,51.5,48.3,45.1,42.9,41.4,40.2,37.8,34.8,31.3,28.3,26.4,25.1,24.3,23.2,22.3,21.5,21.0,20.3,19.5,18.5,17.7, , , 
562,Niger,566,Y,"Population undernourished, percentage", ,27.7,31.0,32.4,34.7,34.9,33.2,30.6,28.0,25.4,22.8,20.5,19.1,17.9,16.6,15.4,14.5,13.7,12.8,11.8,11.1,10.5,10.2,10.0, , , 
566,Nigeria,566,Y,"Population undernourished, percentage", ,21.3,17.9,16.1,13.7,12.7,11.9,11.2,10.5,9.7,9.2,8.9,9.0,8.7,8.1,7.2,6.5,6.0,5.9,6.0,6.1,6.2,6.3,6.5, , , 
570,Niue,566,Y,"Population undernourished, percentage", ,,,,,,,,,,,,,,,,,,,,,,,, , , 
580,Northern Mariana Islands,566,Y,"Population undernourished, percentage", ,,,,,,,,,,,,,,,,,,,,,,,, , , 
578,Norway,566,Y,"Population undernourished, percentage", ,5.0,5.0,5.0,5.0,5.0,5.0,5.0,5.0,5.0,5.0,5.0,5.0,5.0,5.0,5.0,5.0,5.0,5.0,5.0,5.0,5.0,5.0,5.0, , , 
512,Oman,566,Y,"Population undernourished, percentage", ,15.1,15.8,16.0,16.8,16.9,17.2,16.3,14.8,12.4,10.4,9.3,8.9,9.0,8.9,8.6,7.9,7.1,6.1,5.1,5.0,5.0,5.0,5.0, , , 
586,Pakistan,566,Y,"Population undernourished, percentage", ,25.1,25.7,24.0,23.1,22.1,21.8,21.8,22.0,22.1,22.4,23.4,24.8,25.9,25.6,24.7,23.7,22.9,22.2,21.8,21.7,21.8,21.9,22.0, , , 
585,Palau,566,Y,"Population undernourished, percentage", ,,,,,,,,,,,,,,,,,,,,,,,, , , 
591,Panama,566,Y,"Population undernourished, percentage", ,26.4,25.9,23.9,23.2,23.5,25.6,26.2,26.5,26.0,27.4,27.6,26.3,24.4,23.4,23.8,22.9,21.1,18.4,16.4,14.8,13.4,12.0,10.8, , , 
598,Papua New Guinea,566,Y,"Population undernourished, percentage", ,,,,,,,,,,,,,,,,,,,,,,,, , , 
600,Paraguay,566,Y,"Population undernourished, percentage", ,19.5,19.9,19.2,18.0,16.5,15.6,15.0,14.5,13.9,13.3,12.9,12.1,11.1,10.5,10.7,11.2,11.4,11.9,12.3,12.4,12.1,11.8,11.6, , , 
604,Peru,566,Y,"Population undernourished, percentage", ,31.6,28.1,28.6,27.5,26.5,25.1,23.7,22.9,22.3,21.6,20.7,20.6,20.9,21.2,20.3,18.9,17.0,15.4,13.7,12.2,10.7,9.6,8.8, , , 
608,Philippines,566,Y,"Population undernourished, percentage", ,26.3,27.0,26.4,26.0,24.6,23.6,22.7,22.6,22.1,21.3,20.3,19.7,19.2,18.6,17.6,16.4,15.0,13.8,13.0,13.0,13.4,13.9,14.0, , , 
616,Poland,566,Y,"Population undernourished, percentage", ,5.0,5.0,5.0,5.0,5.0,5.0,5.0,5.0,5.0,5.0,5.0,5.0,5.0,5.0,5.0,5.0,5.0,5.0,5.0,5.0,5.0,5.0,5.0, , , 
620,Portugal,566,Y,"Population undernourished, percentage", ,5.0,5.0,5.0,5.0,5.0,5.0,5.0,5.0,5.0,5.0,5.0,5.0,5.0,5.0,5.0,5.0,5.0,5.0,5.0,5.0,5.0,5.0,5.0, , , 
630,Puerto Rico,566,Y,"Population undernourished, percentage", ,,,,,,,,,,,,,,,,,,,,,,,, , , 
634,Qatar,566,Y,"Population undernourished, percentage", ,,,,,,,,,,,,,,,,,,,,,,,, , , 
498,Republic of Moldova,566,Y,"Population undernourished, percentage", ,5.0,5.0,5.0,5.0,5.0,5.0,5.0,5.0,5.0,5.0,5.0,5.0,5.0,5.0,5.0,5.0,5.0,5.0,5.0,5.0,5.0,5.0,5.0, , , 
638,Reunion,566,Y,"Population undernourished, percentage", ,,,,,,,,,,,,,,,,,,,,,,,, , , 
642,Romania,566,Y,"Population undernourished, percentage", ,5.0,5.0,5.0,5.0,5.0,5.0,5.0,5.0,5.0,5.0,5.0,5.0,5.0,5.0,5.0,5.0,5.0,5.0,5.0,5.0,5.0,5.0,5.0, , , 
643,Russian Federation,566,Y,"Population undernourished, percentage", ,5.0,5.0,5.0,5.0,5.0,5.0,5.0,5.0,5.0,5.0,5.0,5.0,5.0,5.0,5.0,5.0,5.0,5.0,5.0,5.0,5.0,5.0,5.0, , , 
646,Rwanda,566,Y,"Population undernourished, percentage", ,55.6,53.9,56.1,57.6,60.8,63.9,65.8,66.4,64.5,60.6,54.3,49.0,46.0,46.0,46.7,46.4,45.2,42.8,40.1,37.3,35.4,34.3,33.6, , , 
654,Saint Helena,566,Y,"Population undernourished, percentage", ,,,,,,,,,,,,,,,,,,,,,,,, , , 
659,Saint Kitts and Nevis,566,Y,"Population undernourished, percentage", ,,,,,,,,,,,,,,,,,,,,,,,, , , 
662,Saint Lucia,566,Y,"Population undernourished, percentage", ,,,,,,,,,,,,,,,,,,,,,,,, , , 
666,Saint Pierre and Miquelon,566,Y,"Population undernourished, percentage", ,5.0,5.0,5.0,5.0,5.0,5.0,5.0,5.0,5.0,5.0,5.0,5.0,5.0,5.0,5.0,5.0,5.0,5.0,5.0,5.0,5.0,5.0,5.0, , , 
670,Saint Vincent and the Grenadines,566,Y,"Population undernourished, percentage", ,20.7,20.1,20.2,20.1,21.6,23.0,23.9,23.1,21.1,18.9,16.8,15.0,13.0,11.3,10.0,9.2,8.5,7.9,7.3,6.8,6.4,6.3,6.3, , , 
882,Samoa,566,Y,"Population undernourished, percentage", ,10.7,12.0,13.9,15.3,15.2,13.8,12.1,10.4,8.4,6.6,5.2,5.0,5.0,5.0,5.0,5.0,5.0,5.0,5.0,5.0,5.0,5.0,5.0, , , 
674,San Marino,566,Y,"Population undernourished, percentage", ,5.0,5.0,5.0,5.0,5.0,5.0,5.0,5.0,5.0,5.0,5.0,5.0,5.0,5.0,5.0,5.0,5.0,5.0,5.0,5.0,5.0,5.0,5.0, , , 
678,Sao Tome and Principe,566,Y,"Population undernourished, percentage", ,22.9,23.3,24.0,24.9,26.0,27.4,27.7,27.3,24.6,21.5,17.6,15.0,12.8,11.3,10.0,8.9,7.9,7.2,6.7,6.2,5.9,5.9,6.1, , , 
682,Saudi Arabia,566,Y,"Population undernourished, percentage", ,5.0,5.0,5.0,5.0,5.0,5.0,5.0,5.0,5.0,5.0,5.0,5.0,5.0,5.0,5.0,5.0,5.0,5.0,5.0,5.0,5.0,5.0,5.0, , , 
686,Senegal,566,Y,"Population undernourished, percentage", ,24.5,25.5,27.1,27.5,28.6,29.4,31.0,31.5,30.9,29.4,28.2,27.4,26.4,24.7,22.9,21.1,18.9,16.6,14.6,13.6,14.3,16.6,20.4, , , 
688,Serbia,566,Y,"Population undernourished, percentage", ,5.0,5.0,5.0,5.0,5.0,5.0,5.0,5.0,5.0,5.0,5.0,5.0,5.0,5.0,5.0,5.0,5.0,5.0,5.0,5.0,5.0,5.0,5.0, , , 
891,Serbia and Montenegro,566,Y,"Population undernourished, percentage", , , , , , , , , , , , , , , , , , , , , , , , , , , 
690,Seychelles,566,Y,"Population undernourished, percentage", ,,,,,,,,,,,,,,,,,,,,,,,, , , 
694,Sierra Leone,566,Y,"Population undernourished, percentage", ,42.8,41.7,40.7,38.9,36.7,34.9,33.6,33.7,35.3,38.0,40.2,41.0,40.9,40.5,39.3,37.1,34.4,32.4,30.7,29.0,27.0,25.0,23.5, , , 
702,Singapore,566,Y,"Population undernourished, percentage", ,,,,,,,,,,,,,,,,,,,,,,,, , , 
703,Slovakia,566,Y,"Population undernourished, percentage", ,5.0,5.0,5.0,5.0,5.0,5.0,5.0,5.0,5.0,5.0,5.0,5.0,5.0,5.0,5.0,5.0,5.0,5.0,5.0,5.0,5.0,5.0,5.0, , , 
705,Slovenia,566,Y,"Population undernourished, percentage", ,5.0,5.0,5.0,5.0,5.0,5.0,5.0,5.0,5.0,5.0,5.0,5.0,5.0,5.0,5.0,5.0,5.0,5.0,5.0,5.0,5.0,5.0,5.0, , , 
90,Solomon Islands,566,Y,"Population undernourished, percentage", ,24.8,23.7,23.1,21.0,18.4,16.1,15.0,14.6,14.6,15.0,15.0,14.7,13.8,13.1,12.4,12.0,11.6,11.4,11.0,10.9,10.7,10.6,10.6, , , 
706,Somalia,566,Y,"Population undernourished, percentage", ,,,,,,,,,,,,,,,,,,,,,,,, , , 
710,South Africa,566,Y,"Population undernourished, percentage", ,5.0,5.0,5.0,5.1,5.2,5.4,5.6,5.5,5.3,5.0,5.0,5.0,5.0,5.0,5.0,5.0,5.0,5.0,5.0,5.0,5.0,5.0,5.0, , , 
728,South Sudan,566,Y,"Population undernourished, percentage", ,,,,,,,,,,,,,,,,,,,,,,,, , , 
724,Spain,566,Y,"Population undernourished, percentage", ,5.0,5.0,5.0,5.0,5.0,5.0,5.0,5.0,5.0,5.0,5.0,5.0,5.0,5.0,5.0,5.0,5.0,5.0,5.0,5.0,5.0,5.0,5.0, , , 
144,Sri Lanka,566,Y,"Population undernourished, percentage", ,30.6,31.3,31.9,32.1,31.3,31.3,31.3,31.3,30.7,29.9,29.7,29.7,29.9,29.8,29.5,29.1,28.4,27.6,26.7,26.0,25.3,24.6,23.8, , , 
275,State of Palestine,566,Y,"Population undernourished, percentage", ,,,,,,,,,,,,,,,,,,,,,,,, , , 
729,Sudan,566,Y,"Population undernourished, percentage", ,,,,,,,,,,,,,,,,,,,,,,,, , , 
736,Sudan (former),566,Y,"Population undernourished, percentage", ,28.9,28.2,27.2,26.1,25.5,25.4,25.3,25.0,24.4,24.1,24.2,24.3,,,,,,,,,,,, , , 
740,Suriname,566,Y,"Population undernourished, percentage", ,15.5,14.5,14.8,14.4,14.2,13.6,13.2,13.3,13.5,14.1,13.9,13.8,13.2,12.8,12.2,11.5,10.9,10.1,9.5,8.7,8.3,8.3,8.4, , , 
748,Swaziland,566,Y,"Population undernourished, percentage", ,15.9,16.6,16.8,18.0,19.4,21.7,23.8,25.1,23.9,21.7,19.2,17.7,16.3,15.6,15.8,17.4,19.4,21.3,22.6,23.6,24.4,25.1,26.1, , , 
752,Sweden,566,Y,"Population undernourished, percentage", ,5.0,5.0,5.0,5.0,5.0,5.0,5.0,5.0,5.0,5.0,5.0,5.0,5.0,5.0,5.0,5.0,5.0,5.0,5.0,5.0,5.0,5.0,5.0, , , 
756,Switzerland,566,Y,"Population undernourished, percentage", ,5.0,5.0,5.0,5.0,5.0,5.0,5.0,5.0,5.0,5.0,5.0,5.0,5.0,5.0,5.0,5.0,5.0,5.0,5.0,5.0,5.0,5.0,5.0, , , 
760,Syrian Arab Republic,566,Y,"Population undernourished, percentage", ,,,,,,,,,,,,,,,,,,,,,,,, , , 
762,Tajikistan,566,Y,"Population undernourished, percentage", ,28.1,28.1,28.1,28.1,30.6,33.7,36.5,38.1,38.5,38.8,39.5,41.0,42.6,43.1,42.3,40.5,39.0,38.2,38.0,37.4,36.8,35.9,35.0, , , 
764,Thailand,566,Y,"Population undernourished, percentage", ,34.6,33.2,32.6,30.8,27.8,24.7,21.5,20.0,19.2,19.0,18.4,17.5,16.3,15.0,13.4,11.7,10.4,9.7,9.5,9.3,8.9,8.6,8.3, , , 
807,The former Yugoslav Republic of Macedonia,566,Y,"Population undernourished, percentage", ,5.0,5.0,5.0,5.0,5.0,5.0,5.0,5.0,5.0,5.0,5.0,5.0,5.0,5.0,5.0,5.0,5.0,5.0,5.0,5.0,5.0,5.0,5.0, , , 
626,Timor-Leste,566,Y,"Population undernourished, percentage", ,45.2,40.7,38.5,35.5,35.3,36.2,39.2,41.8,44.1,43.9,41.6,38.1,35.0,33.8,33.8,34.0,33.7,33.1,32.6,32.1,31.2,30.2,29.0, , , 
768,Togo,566,Y,"Population undernourished, percentage", ,37.9,41.3,40.6,39.7,36.8,34.0,31.9,30.6,29.8,29.2,28.7,28.4,27.8,26.7,25.3,24.2,23.2,22.3,21.3,20.5,18.9,17.1,14.5, , , 
772,Tokelau,566,Y,"Population undernourished, percentage", ,,,,,,,,,,,,,,,,,,,,,,,, , , 
776,Tonga,566,Y,"Population undernourished, percentage", ,,,,,,,,,,,,,,,,,,,,,,,, , , 
780,Trinidad and Tobago,566,Y,"Population undernourished, percentage", ,12.6,13.2,14.7,15.5,15.8,15.3,14.7,14.4,13.8,13.0,11.9,11.3,11.3,11.8,12.0,11.7,11.2,10.7,10.4,10.2,9.9,9.3,8.7, , , 
788,Tunisia,566,Y,"Population undernourished, percentage", ,5.0,5.0,5.0,5.0,5.0,5.0,5.0,5.0,5.0,5.0,5.0,5.0,5.0,5.0,5.0,5.0,5.0,5.0,5.0,5.0,5.0,5.0,5.0, , , 
792,Turkey,566,Y,"Population undernourished, percentage", ,5.0,5.0,5.0,5.0,5.0,5.0,5.0,5.0,5.0,5.0,5.0,5.0,5.0,5.0,5.0,5.0,5.0,5.0,5.0,5.0,5.0,5.0,5.0, , , 
795,Turkmenistan,566,Y,"Population undernourished, percentage", ,8.6,8.6,8.6,8.6,9.2,9.7,10.1,10.1,9.6,9.0,8.4,7.9,7.2,6.3,5.5,5.1,5.0,5.0,5.0,5.0,5.0,5.0,5.0, , , 
796,Turks and Caicos Islands,566,Y,"Population undernourished, percentage", ,,,,,,,,,,,,,,,,,,,,,,,, , , 
798,Tuvalu,566,Y,"Population undernourished, percentage", ,,,,,,,,,,,,,,,,,,,,,,,, , , 
800,Uganda,566,Y,"Population undernourished, percentage", ,23.2,24.4,25.0,25.5,26.4,27.9,29.4,30.0,29.1,28.4,28.1,27.2,25.3,22.9,21.9,22.3,23.7,24.8,25.3,25.1,24.8,24.8,25.0, , , 
804,Ukraine,566,Y,"Population undernourished, percentage", ,5.0,5.0,5.0,5.0,5.0,5.0,5.0,5.0,5.0,5.0,5.0,5.0,5.0,5.0,5.0,5.0,5.0,5.0,5.0,5.0,5.0,5.0,5.0, , , 
810,Union of Soviet Socialist Republics [former],566,Y,"Population undernourished, percentage", , , , , , , , , , , , , , , , , , , , , , , , , , , 
784,United Arab Emirates,566,Y,"Population undernourished, percentage", ,5.0,5.0,5.0,5.0,5.0,5.0,5.0,5.0,5.0,5.0,5.0,5.0,5.0,5.0,5.0,5.0,5.0,5.0,5.0,5.0,5.0,5.0,5.0, , , 
826,United Kingdom,566,Y,"Population undernourished, percentage", ,5.0,5.0,5.0,5.0,5.0,5.0,5.0,5.0,5.0,5.0,5.0,5.0,5.0,5.0,5.0,5.0,5.0,5.0,5.0,5.0,5.0,5.0,5.0, , , 
834,United Republic of Tanzania,566,Y,"Population undernourished, percentage", ,24.2,24.8,27.1,29.6,32.1,34.5,35.6,36.3,36.3,36.8,37.1,37.8,37.7,37.7,36.7,35.4,34.2,33.8,34.5,34.7,34.7,33.4,32.7, , , 
840,United States,566,Y,"Population undernourished, percentage", ,5.0,5.0,5.0,5.0,5.0,5.0,5.0,5.0,5.0,5.0,5.0,5.0,5.0,5.0,5.0,5.0,5.0,5.0,5.0,5.0,5.0,5.0,5.0, , , 
850,United States Virgin Islands,566,Y,"Population undernourished, percentage", ,,,,,,,,,,,,,,,,,,,,,,,, , , 
858,Uruguay,566,Y,"Population undernourished, percentage", ,8.6,6.4,5.8,5.1,5.0,5.3,5.2,5.0,5.0,5.0,5.0,5.0,5.0,5.0,5.0,5.0,5.0,5.0,5.0,5.0,5.0,5.0,5.0, , , 
860,Uzbekistan,566,Y,"Population undernourished, percentage", ,5.0,5.0,5.0,5.0,5.0,5.0,5.9,7.3,9.1,11.5,14.4,16.8,17.7,16.7,14.7,12.4,10.5,9.4,8.9,8.5,7.7,6.6,5.5, , , 
548,Vanuatu,566,Y,"Population undernourished, percentage", ,11.2,11.6,11.9,12.2,12.0,11.3,10.1,9.1,8.3,8.1,8.2,8.3,8.2,7.8,7.4,7.0,6.5,6.1,5.9,6.0,6.1,6.3,6.4, , , 
862,Venezuela,566,Y,"Population undernourished, percentage", ,14.1,13.2,13.2,13.9,14.8,16.0,17.2,18.5,18.1,16.6,15.3,15.1,15.3,13.8,11.7,9.0,6.8,5.0,5.0,5.0,5.0,5.0,5.0, , , 
704,Viet Nam,566,Y,"Population undernourished, percentage", ,45.6,44.8,41.3,37.9,35.4,35.0,35.0,34.1,31.3,28.1,25.4,23.3,21.4,19.9,19.0,18.5,17.8,16.8,15.6,14.5,13.6,13.0,12.5, , , 
876,Wallis and Futuna Islands,566,Y,"Population undernourished, percentage", ,,,,,,,,,,,,,,,,,,,,,,,, , , 
732,Western Sahara,566,Y,"Population undernourished, percentage", ,,,,,,,,,,,,,,,,,,,,,,,, , , 
887,Yemen,566,Y,"Population undernourished, percentage", ,28.9,28.6,27.9,28.3,29.3,30.3,30.8,30.7,30.1,29.6,29.4,30.0,30.5,30.9,30.6,29.7,28.5,27.7,27.3,27.0,26.3,25.8,25.7, , , 
890,Yugoslavia [former Socialist Federal Republic],566,Y,"Population undernourished, percentage", , , , , , , , , , , , , , , , , , , , , , , , , , , 
894,Zambia,566,Y,"Population undernourished, percentage", ,33.8,34.9,35.2,35.3,34.3,34.2,35.6,38.1,40.7,42.9,45.4,47.1,48.2,48.5,49.4,50.7,52.5,53.5,53.1,51.7,50.3,49.4,48.8, , , 
716,Zimbabwe,566,Y,"Population undernourished, percentage", ,42.7,44.4,45.1,46.1,46.3,45.8,44.7,43.8,43.6,43.7,43.7,43.2,42.8,42.5,41.6,40.4,38.6,37.3,36.0,34.7,33.5,33.2,33.5, , , 
